Product Name,Price,Availability
Abominable Hoodie,$69.00,Not found
Adrienne Trek Jacket,$57.00,Not found
Aeon Capri,$48.00,Not found
Aero Daily Fitness Tee,$24.00,Not found
Aether Gym Pant,$74.00,Not found
Affirm Water Bottle,$7.00,Not found
Aim Analog Watch,$45.00,Not found
Ajax Full-Zip Sweatshirt,$69.00,Not found
Ana Running Short,$40.00,Not found
Angel Light Running Short,$42.00,Not found
Antonia Racer Tank,$34.00,Not found
Apollo Running Short,$32.50,Not found
Arcadio Gym Short,$20.00,Not found
Argus All-Weather Tank,$22.00,Not found
Ariel Roll Sleeve Sweatshirt,$39.00,Not found
Artemis Running Short,$45.00,Not found
